{
  "PROP 25C Density (g/cm3)": 0.218912147251372,
  "PROP ST (K)": 0.3340611001897914,
  "Pugh_Ratio_PRIOR": 0.34208243243243236,
  "VEC Avg": 1.0,
  "YS 600 C PRIOR": 0.27326687068841815
}